Participant ID,Chr,Start,End,Ref,Alt,Gene,Amino Acid,COSMIC,VAF1.1,VAF1.2,VAF2.1,VAF2.2,Age at VAF1,Age at VAF2,AVERAGEVAF1,AVERAGEVAF2,Mutation type1,X,123185174,123185174,G,T,STAG2,V376L,,0.002824,0.001194,0.018021,0.016985,53.5,64.6,0.002009,0.017503,missense2,2,25463277,25463277,T,G,DNMT3A,H739P,,0.001713,0.000284,0.000365,0.000533,51.2,63,0.0009985,0.000449,missense2,2,25466793,25466793,A,G,DNMT3A,L637P,,0.00136,0.003425,0.003549,0.005639,51.2,63,0.0023925,0.004594,missense2,2,25463271,25463271,G,T,DNMT3A,A741E,,0.001124,-,0.000988,0.001011,51.2,63,-,0.0009995,missense2,2,25468153,25468153,A,G,DNMT3A,L508P,,-,0.001168,0.007558,0.008506,51.2,63,-,0.008032,missense2,2,25470573,25470573,G,A,DNMT3A,R301W,,-,-,0.002601,0.003542,51.2,63,-,0.0030715,missense2,4,106164783,106164783,T,A,TET2,A1217A,,-,-,0.001053,0.001032,51.2,63,-,0.0010425,synonymous2,4,106164778,106164778,C,G,TET2,R1216G,,-,-,0.00106,0.001038,51.2,63,-,0.001049,missense4,9,139391179,139391179,G,A,NOTCH1,Q2338X,,0.001138,0.000967,-,-,53.4,64.2,0.0010525,-,nonsense4,2,25470516,25470516,G,A,DNMT3A,R320X,133724,0.00363,0.00358,0.005249,0.002602,53.4,64.2,0.003605,0.0039255,nonsense4,X,123184056,123184056,G,T,STAG2,R305L,254953,0.009143,0.007774,0.014936,0.018524,53.4,64.2,0.0084585,0.01673,missense5,2,25466799,25466799,C,T,DNMT3A,R635Q,1583088,-,-,0.001517,0.002674,52.2,64.4,-,0.0020955,missense6,11,119148929,119148929,A,G,CBL,I383M,,0.001394,0.000438,-,-,57.9,69.2,0.000916,-,missense6,4,106180899,106180899,T,G,TET2,F1309L,,0.001359,0.001286,0.000901,0.000766,57.9,69.2,0.0013225,0.0008335,missense6,3,38181952,38181952,C,T,MYD88,I192I,,-,-,0.00177,0.001559,57.9,69.2,-,0.0016645,synonymous7,2,25458673,25458673,T,C,DNMT3A,T834A,,0.002895,0.003496,0.002633,0.003961,60.1,71.4,0.0031955,0.003297,missense7,7,50367256,50367256,C,T,IKZF1,S21S,,0.003464,0.004061,0.002104,-,60.1,71.4,0.0037625,-,synonymous7,2,25466788,25466788,G,A,DNMT3A,L639F,,0.021615,0.020599,0.040688,0.029481,60.1,71.4,0.021107,0.0350845,missense7,2,25464514,25464514,C,A,DNMT3A,E667X,,-,-,0.001078,0.003162,60.1,71.4,-,0.00212,nonsense7,2,25467449,25467449,C,T,DNMT3A,G543S,,-,-,0.004758,0.003253,60.1,71.4,-,0.0040055,missense7,2,25462012,25462012,G,A,DNMT3A,P799S,,-,-,0.002258,0.004782,60.1,71.4,-,0.00352,missense7,2,25457176,25457176,G,A,DNMT3A,P904L,87007,0.002364,-,0.008514,0.010401,60.1,71.4,-,0.0094575,missense7,2,25464441,25464441,G,A,DNMT3A,T691I,,-,-,0.00358,0.002517,60.1,71.4,-,0.0030485,missense8,4,106180834,106180834,G,A,TET2,G1288S,110780,0.001193,0.002377,0.001991,0.00114,56.5,68.5,0.001785,0.0015655,missense8,2,25468919,25468919,C,A,DNMT3A,E482X,,-,-,0.00305,0.004007,56.5,68.5,-,0.0035285,nonsense9,2,25459821,25459821,T,C,DNMT3A,H821R,,-,0.002221,0.001677,0.002502,58,69,-,0.0020895,missense9,2,25466800,25466800,G,A,DNMT3A,R635W,87012,0.001896,0.003609,-,0.001227,58,69,0.0027525,0.001227,missense9,20,31023091,31023091,A,G,ASXL1,N859S,,0.004057,0.002914,0.00438,0.003188,58,69,0.0034855,0.003784,missense9,2,25463247,25463247,C,T,DNMT3A,R749H,,0.020272,0.017677,0.033274,0.035612,58,69,0.0189745,0.034443,missense9,2,25463541,25463541,G,C,DNMT3A,S714C,87011,0.027327,0.030296,0.04122,0.034103,58,69,0.0288115,0.0376615,missense9,2,25467160,25467160,G,T,DNMT3A,A572D,,-,-,0.001003,0.002101,58,69,-,0.001552,missense9,2,25471016,25471016,G,A,DNMT3A,Q249X,,0.00142,-,0.001329,0.001299,58,69,-,0.001314,nonsense9,2,25469632,25469632,C,T,DNMT3A,R379H,,-,-,0.002941,0.005707,58,69,-,0.004324,missense9,2,25470588,25470588,C,T,DNMT3A,V296M,,-,-,0.003471,0.003189,58,69,-,0.00333,missense9,4,106193995,106193995,C,G,TET2,S1486X,211625,-,-,0.000495,0.000588,58,69,-,0.0005415,nonsense10,X,129162659,129162659,C,G,BCORL1,H1376Q,,0.004852,0.002344,0.00182,-,54.7,66.9,0.003598,-,missense11,X,76814150,76814150,A,T,ATRX,F2165Y,,0.000715,0.000746,-,-,63.5,74.5,0.0007305,-,missense11,20,31023606,31023606,A,T,ASXL1,K1031X,,0.000673,0.000843,-,-,63.5,74.5,0.000758,-,nonsense11,2,25458595,25458595,A,G,DNMT3A,W860R,231568,0.000861,0.0015,0.002019,0.002493,63.5,74.5,0.0011805,0.002256,missense11,2,25470914,25470914,C,A,DNMT3A,E283X,,0.004158,0.005587,0.012941,0.014349,63.5,74.5,0.0048725,0.013645,nonsense11,X,39933358,39933358,G,A,BCOR,A414V,,-,-,0.000583,0.000915,63.5,74.5,-,0.000749,missense11,X,129148158,129148158,A,G,BCORL1,L470L,,-,-,0.000251,0.000509,63.5,74.5,-,0.00038,synonymous11,2,25505372,25505372,G,C,DNMT3A,S129X,,-,-,0.000727,0.000548,63.5,74.5,-,0.0006375,nonsense11,17,7577129,7577129,A,G,TP53,F270S,11305,-,-,0.000734,0.001649,63.5,74.5,-,0.0011915,missense12,2,25467448,25467448,C,G,DNMT3A,G543A,256033,0.001365,-,0.003789,0.003858,56.4,67.3,-,0.0038235,missense12,10,112342324,112342324,C,T,SMC3,S243F,,-,-,0.001413,0.001779,56.4,67.3,-,0.001596,missense13,2,25457192,25457192,G,C,DNMT3A,R899G,,0.002495,0.0015,0.001342,0.001758,56.6,68.5,0.0019975,0.00155,missense13,2,25468195,25468195,C,A,DNMT3A,C494F,,0.000907,-,0.003706,0.006041,56.6,68.5,-,0.0048735,missense13,2,25467466,25467466,C,A,DNMT3A,C537F,,-,-,0.001861,0.003427,56.6,68.5,-,0.002644,missense13,2,25463298,25463298,A,G,DNMT3A,F732S,,0.001517,-,0.002979,0.003191,56.6,68.5,-,0.003085,missense13,2,25470570,25470570,C,A,DNMT3A,G302C,,-,-,0.001633,0.000994,56.6,68.5,-,0.0013135,missense13,2,25468183,25468183,C,A,DNMT3A,G498V,,0.000907,-,0.003704,0.006033,56.6,68.5,-,0.0048685,missense13,2,25457242,25457242,C,T,DNMT3A,R882H,52944,-,-,0.001847,0.001692,56.6,68.5,-,0.0017695,missense13,2,25458658,25458658,A,G,DNMT3A,S839P,,0.000346,-,0.001094,0.000638,56.6,68.5,-,0.000866,missense13,2,25470532,25470532,C,T,DNMT3A,W314X,,-,-,0.002078,0.002564,56.6,68.5,-,0.002321,nonsense13,8,117859842,117859842,T,C,RAD21,Y598C,,-,-,0.000507,0.000562,56.6,68.5,-,0.0005345,missense14,2,25470464,25470464,G,C,DNMT3A,S337X,,0.025249,0.023997,0.042269,0.044835,60.1,71.8,0.024623,0.043552,nonsense14,X,44911015,44911015,C,T,KDM6A,A239V,,-,-,0.004325,0.005592,60.1,71.8,-,0.0049585,missense14,12,25380260,25380260,T,G,KRAS,A66A,,-,-,0.00628,0.005504,60.1,71.8,-,0.005892,synonymous14,12,25380263,25380263,A,G,KRAS,S65S,,-,-,0.006442,0.005566,60.1,71.8,-,0.006004,synonymous15,10,112342321,112342321,T,C,SMC3,L242P,,0.002797,0.00341,0.003635,0.004656,60.1,71.8,0.0031035,0.0041455,missense15,17,7577105,7577105,G,T,TP53,P278H,43755,0.016175,0.016297,0.031688,0.039548,57.6,67.7,0.016236,0.035618,missense15,20,31024085,31024085,G,T,ASXL1,R1190S,,-,-,0.001109,0.000538,57.6,67.7,-,0.0008235,missense15,2,25458670,25458670,T,C,DNMT3A,T835A,,-,-,0.000534,0.000511,57.6,67.7,-,0.0005225,missense16,2,25463568,25463568,A,G,DNMT3A,I705T,1583102,0.066263,0.078765,0.045716,0.058166,54.1,65.4,0.072514,0.051941,missense17,X,123224536,123224536,A,T,STAG2,K1130I,,0.000814,0.000899,0.000919,0.00098,51.7,63.1,0.0008565,0.0009495,missense17,X,39932643,39932643,G,A,BCOR,P652P,,0.005509,0.005769,0.001855,0.002876,51.7,63.1,0.005639,0.0023655,synonymous17,X,129173203,129173203,G,A,BCORL1,G1522S,,-,-,0.000448,0.000444,51.7,63.1,-,0.000446,missense17,2,25463301,25463301,A,G,DNMT3A,F731S,,0.001212,-,0.001883,0.002564,51.7,63.1,-,0.0022235,missense17,4,106156436,106156436,T,G,TET2,L446X,,-,-,0.000747,0.000934,51.7,63.1,-,0.0008405,nonsense17,4,106197045,106197045,C,T,TET2,T1793I,,-,-,0.001308,0.001864,51.7,63.1,-,0.001586,missense18,2,25471070,25471070,G,A,DNMT3A,Q231X,,0.001527,0.001449,0.001864,0.000894,65.1,76.2,0.001488,0.001379,nonsense18,7,101840496,101840496,G,A,CUX1,R602H,,0.147878,0.142414,0.082825,0.06929,65.1,76.2,0.145146,0.0760575,missense18,X,129149098,129149098,C,T,BCORL1,R784X,1319521,-,-,0.018627,0.017259,65.1,76.2,-,0.017943,nonsense18,4,106157961,106157961,G,A,TET2,W954X,87110,-,-,0.002327,0.000871,65.1,76.2,-,0.001599,nonsense18,4,106182972,106182972,T,A,TET2,Y1337X,87145,-,-,0.001537,0.001304,65.1,76.2,-,0.0014205,nonsense19,17,7578427,7578427,T,C,TP53,H168R,43545,0.000705,0.001006,0.003275,0.003164,64,75.1,0.0008555,0.0032195,missense19,11,119148922,119148922,G,A,CBL,C381Y,34073,0.001034,0.001371,0.001124,0.001829,64,75.1,0.0012025,0.0014765,missense19,4,106196434,106196434,T,G,TET2,Y1589X,,-,0.002147,0.002257,0.002473,64,75.1,-,0.002365,nonsense20,4,106190798,106190798,G,A,TET2,R1359H,,0.003494,0.003217,-,-,62.8,74.6,0.0033555,-,missense20,8,117878873,117878873,C,A,RAD21,V32V,,0.004314,0.003977,0.00754,0.007097,62.8,74.6,0.0041455,0.0073185,synonymous20,2,25505559,25505559,T,C,DNMT3A,K67E,,0.005155,0.008004,0.007605,0.010001,62.8,74.6,0.0065795,0.008803,missense20,12,12022854,12022854,C,A,ETV6,V320V,,-,-,0.001038,0.001637,62.8,74.6,-,0.0013375,synonymous20,12,25398284,25398284,C,T,KRAS,G12D,521,-,-,0.000946,0.001437,62.8,74.6,-,0.0011915,missense